{
  "accuracy": 0.9998221273568125,
  "macro_f1": 0.9808858922765485,
  "macro_auc_ovr": 1.0,
  "confusion_matrix": [
    [
      33605,
      5,
      0,
      1
    ],
    [
      0,
      34,
      0,
      0
    ],
    [
      0,
      0,
      24,
      0
    ],
    [
      0,
      0,
      0,
      63
    ]
  ],
  "target_names": [
    "Other",
    "CHEK2",
    "TBX1",
    "COMT"
  ]
}